method,setting,n,reps,truth,bias,variance,IQR
DR,A,500,3,1.0,0.17234634667389512,0.0031562652168241924,0.04904593604904339
DR.o&pfal,A,500,3,1.0,-0.3544692571184684,0.09168268830640754,0.26839500154222296
DR.ofal,A,500,3,1.0,0.04350609179294044,0.06068229087045916,0.24506363326694935
DR.pfal,A,500,3,1.0,0.14101361453031847,0.0050231198936830975,0.06335485051201739
IPW,A,500,3,1.0,0.053724511328740676,0.05776330877202119,0.24005702209073254
IPW.fal,A,500,3,1.0,-0.5189005454311978,0.0673959384924537,0.24856799091474335
OR,A,500,3,1.0,0.1543062164382157,0.006445934481062377,0.07345593111464477
OR.fal,A,500,3,1.0,-0.3002991836905364,0.05992445802338993,0.22264845893131824
